<?xml version="1.0" encoding="UTF-8"?>
<beans:beans xmlns="http://www.springframework.org/schema/security"
	xmlns:xsi="http://www.w3.org/2001/XMLSchema-instance"
	xmlns:beans="http://www.springframework.org/schema/beans"
	xmlns:sec="http://www.springframework.org/schema/security"
	xsi:schemaLocation="http://www.springframework.org/schema/security http://www.springframework.org/schema/security/spring-security-4.0.xsd
		http://www.springframework.org/schema/beans http://www.springframework.org/schema/beans/spring-beans-4.1.xsd">

	<!-- 확장자를 이용해 패턴을 걸때는 /**/*.해당 확장자로 할 것(Ant Pattern 규칙) -->
	<http pattern="/js/*" security="none" />
	<http pattern="/css/*" security="none" />
	<http pattern="/images/*" security="none" />
	<http pattern="/fonts/*" security="none" />
	<http pattern="/layouts/*" security="none" />
	
	<!-- intercept url 설정 시 주의점 -->
	<!-- 구체적인 URL 패턴을 먼저 설정하고 덜 구체적인 패턴을 나중에 설정해야한다. -->
	<!--
		autu-config='true' 설정 시 기본 로그인페이지/HTTP 기본인증/로그아웃 기능들을 제공함.
		use-expressions="true"는 SpEL(Spring Expression Language)을 사용한다는 의미
	 -->
	<http auto-config="true" use-expressions="true">
		
		<!-- 해킹 막기 설정 -->
		<csrf/>
		
			<!-- 중복 로그인 방지 -->
		<session-management>
			<concurrency-control max-sessions="1" expired-url="/" />
		</session-management>
	</http>
	
	<authentication-manager>
		<authentication-provider>
			<user-service>
				<user name="admin" password="1234" authorities="ROLE_ADMIN" />
			</user-service>
		</authentication-provider>
	</authentication-manager>
	
	
</beans:beans>
