<?xml version="1.0" encoding="UTF-8"?>
<beans xmlns="http://www.springframework.org/schema/beans"
	xmlns:xsi="http://www.w3.org/2001/XMLSchema-instance"
	xsi:schemaLocation="http://www.springframework.org/schema/beans http://www.springframework.org/schema/beans/spring-beans.xsd
						http://www.springframework.org/schema/jdbc  http://www.springframework.org/schema/jdbc/spring-jdbc-3.0.xsd">
						
	<!-- ORACLE 버전 별 PROPERTY  -->
	<!--
		ORACLE 10G Standard Version
		<property name="url" value="jdbc:oracle:thin:@localhost:1521:orcl" />
		
		ORACLE 10G Express Version
		<property name="url" value="jdbc:oracle:thin:@localhost:1521:XE" />
	 -->
	
	<bean id="dataSource" class="org.apache.commons.dbcp.BasicDataSource" destroy-method="close">
		<property name="driverClassName" value="core.log.jdbc.driver.OracleDriver" />
		<property name="url" value="jdbc:oracle:thin:@localhost:1521:XE" />
		<property name="username" value="test" />
		<property name="password" value="1234" />
	</bean>
</beans>
