<?xml version="1.0" encoding="UTF-8"?>
<beans:beans xmlns="http://www.springframework.org/schema/security"
	xmlns:xsi="http://www.w3.org/2001/XMLSchema-instance"
	xmlns:beans="http://www.springframework.org/schema/beans"
	xmlns:sec="http://www.springframework.org/schema/security"
	xsi:schemaLocation="http://www.springframework.org/schema/security http://www.springframework.org/schema/security/spring-security-4.2.xsd
		http://www.springframework.org/schema/beans http://www.springframework.org/schema/beans/spring-beans-4.3.xsd">
	
	<http>
		<sec:intercept-url pattern="/**" access="hasRole('USER')"/>
		<sec:form-login />
		<sec:logout />
		<sec:csrf disabled="true"/>
	</http>
	
	<!-- provider -->
	<sec:authentication-manager>
		<sec:authentication-provider>
			<sec:user-service>
				<sec:user name="user" password="1234" authorities="ROLE_USER"/>
			</sec:user-service>
		</sec:authentication-provider>
	</sec:authentication-manager>
</beans:beans>