<?xml version="1.0" encoding="UTF-8"?>
<beans xmlns:context="http://www.springframework.org/schema/context"
    xmlns:p="http://www.springframework.org/schema/p"
    xmlns:xsi="http://www.w3.org/2001/XMLSchema-instance"
    xmlns="http://www.springframework.org/schema/beans"
    xmlns:mvc="http://www.springframework.org/schema/mvc"
    xsi:schemaLocation="http://www.springframework.org/schema/beans http://www.springframework.org/schema/beans/spring-beans-4.3.xsd
       http://www.springframework.org/schema/context http://www.springframework.org/schema/context/spring-context-4.3.xsd
       http://www.springframework.org/schema/mvc http://www.springframework.org/schema/mvc/spring-mvc.xsd">


	<!-- DispatcherServlet Context: defines this servlet's request-processing infrastructure -->
	<mvc:annotation-driven>
		<mvc:argument-resolvers>
			<bean class="com.kcms.common.CustomArgumentResolver"></bean>
		</mvc:argument-resolvers>
	</mvc:annotation-driven>
	
	<!-- Enables the Spring MVC @Controller programming model -->
<!-- 	<annotation-driven /> -->

	<!-- Handles HTTP GET requests for /resources/** by efficiently serving up static resources in the ${webappRoot}/resources directory -->
<!-- 	<resources mapping="/resources/**" location="/resources/" /> -->

	<!-- Resolves views selected for rendering by @Controllers to .jsp resources in the /WEB-INF/views directory -->
	<bean
		class="org.springframework.web.servlet.view.InternalResourceViewResolver" 
		p:prefix="/WEB-INF/views/" p:suffix=".jsp">
	</bean>
	
	<context:component-scan base-package="com.kcms.*" />
	
	
	
</beans>
