<?xml version="1.0" encoding="UTF-8"?>
<!DOCTYPE configuration PUBLIC "-//mybatis.org//DTD Config 3.0//EN" "http://mybatis.org/dtd/mybatis-3-config.dtd">
<configuration>
	<!-- DB접속정보 값을 가지고 있는 파일 설정 -->
	<properties resource="kbase/common/db/db.properties"/>
	
<!-- 	<settings>
		<setting name="jdbcTypeForNull" value="NULL" />
	</settings> -->
	
	<!-- Type Alias -->
	<typeAliases>
		<typeAlias alias="Member" type="kbase.dto.Member" />
	</typeAliases>
	
	<!-- DB정보 접속정보를 셋팅 -->
	<environments default="development">
		<environment id="development">
			<transactionManager type="JDBC"/>
			<dataSource type="POOLED">
				<property name="driver" value="core.log.jdbc.driver.OracleDriver" />
				<property name="url" value="${url}" />
				<property name="username" value="${username}" />
				<property name="password" value="${password}" />
			</dataSource>
		</environment>
	</environments>
	
	<!-- Mapper 파일 성정 -->
	<mappers>
		<mapper resource="kbase/common/db/Member.xml" />
	</mappers>
</configuration>