<?xml version="1.0" encoding="UTF-8"?>
<!DOCTYPE tiles-definitions PUBLIC "-//Apache Software Foundation//DTD Tiles Configuration 3.0//EN" "http://tiles.apache.org/dtds/tiles-config_3_0.dtd">

<tiles-definitions>

	<!-- 페이지 템플릿(레이아웃)과 템플릿을 구성하는 각 부분을 모두 이름을 붙여 선언한다. -->
	<definition name="admin" template="/layouts/admin/default.jsp">
		<put-attribute name="header" value="/layouts/admin/header.jsp" />
		<put-attribute name="menu" value="/layouts/admin/menu.jsp" />
		<put-attribute name="footer" value="/layouts/admin/buttom.jsp" />
	</definition>
	
	<!-- 게시판(테이블용) 리스트 화면 -->
	<definition name="admin.boardT.list" extends="admin">
		<put-attribute name="body" value="/WEB-INF/views/boardT/boardL.jsp" />
	</definition>
	
	<!-- 게시판(그리드용) 리스트 화면 -->
	<definition name="admin.boardG.list" extends="admin">
		<put-attribute name="body" value="/WEB-INF/views/boardG/boardL.jsp" />
	</definition>
	
	<!-- 메뉴관리 화면 - 관리자 메뉴 -->
	<definition name="admin.menu.list" extends="admin">
		<put-attribute name="body" value="/WEB-INF/views/menu/adminMenuL.jsp" />
	</definition>
	
	<!-- 정리 화면 - 관리자 메뉴 -->
	<definition name="admin.info.adminInfoDB" extends="admin">
		<put-attribute name="body" value="/WEB-INF/views/info/adminInfoDB.jsp" />
	</definition>
	
</tiles-definitions>



