<?xml version="1.0" encoding="UTF-8"?>
<!DOCTYPE log4j:configuration SYSTEM "log4j.dtd">
<log4j:configuration xmlns:log4j="http://jakarta.apache.org/log4j/">

    <appender name="debug" class="org.apache.log4j.ConsoleAppender">
        <layout class="org.apache.log4j.PatternLayout">
            <param name="ConversionPattern" value="%d [%t] (%13F:%L) %3x - %m%n" />
        </layout>
    </appender>
    
    <appender name="file" class="org.apache.log4j.DailyRollingFileAppender">
        <param name="file" value="mjf.log"/>
        <param name="Append" value="true"/>
        <param name="DatePattern" value="'.'yyyy-MM-dd"/>
        <layout class="org.apache.log4j.PatternLayout">
            <param name="ConversionPattern" value="%d [%t] (%13F:%L) %3x - %m%n" />
        </layout>
    </appender>
    
    <category name="com.kbase">
		<priority value="debug" />
	</category>
	
    <category name="java.sql.Connection">
		<priority value="debug" />
	</category>
	<category name="java.sql.PreparedStatement">
		<priority value="debug" />
	</category>
	<category name="java.sql.ResultSet">
		<priority value="debug" />
	</category>
    <category name="java.sql.Statement">
		<priority value="debug" />
	</category>
	 
	<category name="org.apache.ibatis.logging">
		<priority value="debug" />
	</category>

    <root>
        <level value="debug" />
        <appender-ref ref="debug" />
        <appender-ref ref="file" />
    </root>
    
</log4j:configuration>