<?xml version="1.0" encoding="UTF-8"?>
<!DOCTYPE tiles-definitions PUBLIC
"-//Aapche Software Foundation//DTD Tiles Configuration 2.0//EN"
"http://tiles.apache.org/dtds/tiles-config_2_0.dtd">

<tiles-definitions>

<!-- 실제 적용 코드 -->
	<!-- 관리자 타일즈  -->
	<definition name="adminMain" template="/admin/layout.jsp">
		<put-attribute name="title" value="관리자 메인페이지" />
		<put-attribute name="header" value="/admin/layout/header.jsp" />
		<put-attribute name="menu" value="/admin/layout/menu.jsp" />
		<put-attribute name="main" value="/admin/layout/main.jsp" />
		<put-attribute name="footer" value="/admin/layout/footer.jsp" />
	</definition>


<!-- TEST 용 -->
	<definition name="example/test1" template="/WEB-INF/jsp/layout.jsp">
		<put-attribute name="title" value="Apache Tiles 2.1.3 Example..." />
		<put-attribute name="header" value="/WEB-INF/jsp/example/header.jsp" />
		<put-attribute name="menu" value="/WEB-INF/jsp/example/menu.jsp" />
		<put-attribute name="body" value="/WEB-INF/jsp/example/body1.jsp" />
		<put-attribute name="footer" value="/WEB-INF/jsp/example/footer.jsp" />
	</definition>

	<definition name="example/test2" extends="example/test1">
		<put-attribute name="body" value="/WEB-INF/jsp/example/body2.jsp" />
	</definition>

	<definition name="example/wildcard/*" extends="example/test1">
		<put-attribute name="body"
			value="/WEB-INF/jsp/example/wildcard/{1}.jsp" />
	</definition>
</tiles-definitions>