<?xml version="1.0" encoding="UTF-8"?>
<!DOCTYPE mapper PUBLIC "-//ibatis.apache.org//DTD Mapper 3.0//EN" "http://ibatis.apache.org/dtd/ibatis-3-mapper.dtd">

<mapper namespace="kbase.dao.MemberMapper">

	<!--ID값 All Read -->
	<select id="selectAllMembers" resultType="Member">
		SELECT 
			ID, 
			PASSWORD, 
			MBER_NM, 
			TO_CHAR(REGIST_DT, 'YYYY-MM-DD')AS REGIST_DT, 
			REGISTER 
		FROM 
			MEMBER
	</select>
	
	<!--  1개의 ID값 Read -->
	<select id="selectMember" parameterType="String" resultType="Member">
		SELECT
			ID,
			PASSWORD,
			MBER_NM
		FROM
			MEMBER
		WHERE
			ID = #{ID}
	</select>
	
	<!-- Create -->
	<insert id="insertMember" parameterType="Member">
		INSERT INTO MEMBER
		(
			ID, 
			PASSWORD, 
			MBER_NM, 
			REGIST_DT, 
			REGISTER, 
			USE_YN
		)
		VALUES
		(
			#{ID}, 
			#{PASSWORD}, 
			#{MBER_NM}, 
			SYSDATE, 
			'admin', 
			'Y'
		)
	</insert>
	
	<!-- Update -->
	<update id="updateMember" parameterType="Member">
		UPDATE 
			MEMBER 
		SET
			PASSWORD = #{PASSWORD},
			MBER_NM = #{MBER_NM},
			UPDT_DT = SYSDATE, 
			UPDUSR = #{UPDUSR}
		WHERE
			ID = #{ID}
	</update>

	<!-- Delete -->
	<delete id="deleteMember" parameterType="String">
		DELETE FROM MEMBER WHERE ID = #{ID}
	</delete>
</mapper>