<?xml version="1.0" encoding="UTF-8"?>
<beans xmlns="http://www.springframework.org/schema/beans"
	xmlns:xsi="http://www.w3.org/2001/XMLSchema-instance"
	xsi:schemaLocation="http://www.springframework.org/schema/beans http://www.springframework.org/schema/beans/spring-beans.xsd
	http://www.springframework.org/schema/jdbc http://www.springframework.org/schema/jdbc/spring-jdbc.xsd
	http://www.springframework.org/schema/context http://www.springframework.org/schema/context/spring-context.xsd">
	
	<!-- DB Connect -->
	<bean id="dataSourceSpied" class="org.apache.commons.dbcp.BasicDataSource" destroy-method="close">
		<property name="driverClassName" value="oracle.jdbc.driver.OracleDriver"/>
		<property name="url" value="jdbc:oracle:thin:@localhost:1521:XE"/>
		<property name="username" value="test"/>
		<property name="password" value="1234"/>
	</bean>
	
	<bean id="dataSource" class="net.sf.log4jdbc.Log4jdbcProxyDataSource" >
		<constructor-arg ref="dataSourceSpied" />
		<property name="logFormatter">
		<bean class="net.sf.log4jdbc.tools.Log4JdbcCustomFormatter">
			<property name="loggingType" value="MULTI_LINE" />
			<property name="sqlPrefix" value="SQL: &#10;"/>
		</bean>
		</property>
	</bean>
	
	<!-- SQL mapper Setting -->
	<bean id="sqlSession" class="org.mybatis.spring.SqlSessionFactoryBean">
		<property name="dataSource" ref="dataSource" />
		<property name="mapperLocations" value="classpath:/mapper/**/*.xml" />
	</bean>
	
	<bean id="sqlSessionTemplate" class="org.mybatis.spring.SqlSessionTemplate">
		<constructor-arg index="0" ref="sqlSession" />
	</bean>
	
	
</beans>
