<?xml version="1.0" encoding="UTF-8"?>
<!DOCTYPE mapper PUBLIC "-//mybatis.org//DTD Mapper 3.0// EN" "http://mybatis.org/dtd/mybatis-3-mapper.dtd">

<mapper namespace="Book">
	
	<resultMap id="result" type="Book">
		<result property="id" column="id" />
		<result property="name" column="name" />
	</resultMap>
	
	<select id="selectAll" resultMap="result">
		SELECT * FROM BOOK
	</select>
	
	<select id="selectById" parameterType="int" resultMap="result">
		SELECT * FROM BOOK WHERE ID = #{id}
	</select>
	
	<insert id="insert" parameterType="Book">
		INSERT INTO BOOK(id, name) VALUES (#{id}, #{name})
	</insert>
	
	<update id="update" parameterType="Book">
		UPDATE BOOK
		SET 
		name = #{name}
		WHERE id = #{id}
	</update>
	
	<delete id="delete" parameterType="int">
		DELETE FROM BOOK WHERE id = #{id}
	</delete>
</mapper>