<?xml version="1.0" encoding="UTF-8"?>
<!DOCTYPE mapper PUBLIC "-//ibatis.apache.org//DTD Mapper 3.0//EN" "http://ibatis.apache.org/dtd/ibatis-3-mapper.dtd"> 

<mapper namespace="member">
	
	<select id="searchMember" resultType="hashmap">
		SELECT
			ID,
			NAME
		FROM
			T90_MEMBER
		WHERE
			ID LIKE #{SEARCH}
	</select>

	<select id="selectList" resultType="hashmap">
		SELECT
			ID,
			PASSWORD,
			NAME 
		FROM 
			T90_MEMBER
	</select>

	<select id="selectOne" resultType="hashmap">
		SELECT
			ID,
			PASSWORD,
			NAME
		FROM
			T90_MEMBER
		WHERE
			ID = #{id}
	</select>
	
	<insert id="insertMember" parameterType="hashmap">
		INSERT INTO T90_MEMBER
		(
			ID, 
			PASSWORD, 
			NAME,
			REGIST_DT
		) 
		VALUES
		(
			#{id},
			#{password},
			#{name},
			sysdate
		)
	</insert>
	
	<update id="updateMember" parameterType="hashmap">
		UPDATE T90_MEMBER 
		SET
			PASSWORD = #{password},
			NAME = #{name},
			UPDT_DT = sysdate
		WHERE
			ID = #{id}
	</update>
	
	<delete id="deleteMember" parameterType="string">
		DELETE FROM T90_MEMBER
		WHERE
			ID = #{id}
	</delete>
	
</mapper>