<?xml version="1.0" encoding="UTF-8"?>
<!DOCTYPE mapper PUBLIC "-//ibatis.apache.org//DTD Mapper 3.0//EN" "http://ibatis.apache.org/dtd/ibatis-3-mapper.dtd"> 

<mapper namespace="UserMap">

	<select id="selectList" resultType="hashmap">
		SELECT * FROM USERS
	</select>

	<select id="selectOne" parameterType="string" resultType="hashmap">
		SELECT
			USERNAME,
			PASSWORD,
			EMAIL
		FROM
			USERS
		WHERE
			USERNAME = #{username}
	</select>
	
	<insert id="insertUser" parameterType="hashmap">
		INSERT INTO USERS
		(
			USERNAME, 
			PASSWORD, 
			EMAIL
		) 
		VALUES
		(
			#{username},
			#{password},
			#{email}
		)
	</insert>
	
	<update id="updateUser" parameterType="hashmap">
		UPDATE USERS 
		SET
			PASSWORD = #{password},
			EMAIL = #{email}
		WHERE
			USERNAME = #{username} 
	</update>
	
	<delete id="deleteUser" parameterType="string">
		DELETE FROM USERS
		WHERE
			USERNAME = #{username}
	</delete>
	
</mapper>