<?xml version="1.0" encoding="UTF-8"?>
<beans xmlns:context="http://www.springframework.org/schema/context"
    xmlns:p="http://www.springframework.org/schema/p"
    xmlns:xsi="http://www.w3.org/2001/XMLSchema-instance"
    xmlns="http://www.springframework.org/schema/beans"
    xmlns:mvc="http://www.springframework.org/schema/mvc"
    xsi:schemaLocation="http://www.springframework.org/schema/beans http://www.springframework.org/schema/beans/spring-beans-3.0.xsd
       http://www.springframework.org/schema/context http://www.springframework.org/schema/context/spring-context-3.0.xsd
       http://www.springframework.org/schema/mvc http://www.springframework.org/schema/mvc/spring-mvc.xsd">

	<context:component-scan base-package="com.*" />
	
	<!-- Controller Request Handler Mapping -->
	<bean class="org.springframework.web.servlet.mvc.annotation.DefaultAnnotationHandlerMapping" />
	<bean class="org.springframework.web.servlet.mvc.annotation.AnnotationMethodHandlerAdapter" />
	
	<!-- spring 4.0이상 JSON View 설정 -->
	<bean class="org.springframework.web.servlet.view.BeanNameViewResolver" />
	<bean id="jsonMapper" class="com.fasterxml.jackson.databind.ObjectMapper" />
	<bean id="jsonView" class="org.springframework.web.servlet.view.json.MappingJackson2JsonView">
		<property name="objectMapper" ref="jsonMapper" />
	</bean>
	
	<!-- tiles View Resolver -->
	<bean name="viewResolver" class="org.springframework.web.servlet.view.UrlBasedViewResolver">
		<property name="viewClass" value="org.springframework.web.servlet.view.tiles3.TilesView"/>
		<property name="order" value="1" /> 
	</bean>
	
	<!-- Resolves views selected for rendering by @Controllers to .jsp resources in the /WEB-INF/views directory -->
	<bean class="org.springframework.web.servlet.view.InternalResourceViewResolver">
		<property name="viewClass" value="org.springframework.web.servlet.view.JstlView" />
		<property name="prefix" value="/WEB-INF/views/"/>
		<property name="suffix" value=".jsp" />
		<property name="order" value="2" />
	</bean>
	
</beans>
