<?xml version="1.0" encoding="UTF-8"?>
<!DOCTYPE mapper PUBLIC "-//mybatis.org//DTD Mapper 3.0//EN" "http://mybatis.org/dtd/mybatis-3-mapper.dtd">

<mapper namespace="board">

	<!-- 모든 게시판의 값을 가져옴 -->
	<select id="board_selectList_01" parameterType="hashmap" resultType="hashmap">
		<![CDATA[
			SELECT * FROM
			(
				SELECT
					ROWNUM AS RNUM,
					BOARD_NO,
					BOARD_TITLE,
					BOARD_CONTENT,
					REGISTER,
					TO_CHAR(REGIST_DT, 'YYYY-MM-DD') AS REGIST_DT,
					TO_CHAR(REGIST_DT, 'YYYY-MM-DD') AS UPDT_DT
				FROM
					BOARD
				ORDER BY RNUM DESC, REGIST_DT DESC
			)
		]]>
	</select>
	
	<select id="board_count_01" parameterType="int" resultType="int">
		<![CDATA[
			SELECT COUNT(0) CNT FROM BOARD
		]]>
	</select>
	
	<insert id="insertBoard" parameterType="hashmap">
		<![CDATA[
				INSERT INTO BOARD
				(BOARD_NO, BOARD_TITLE, BOARD_CONTENT, REGISTER, REGIST_DT, UPDT_DT)
				VALUES ( #{BOARD_NO}, #{BOARD_TITLE}, #{BOARD_CONTENT}, #{REGISTER}, sysdate, null)
		]]>
	</insert>
	
	<select id="selectBoard" parameterType="hashmap" resultType="hashmap">
		<![CDATA[
			SELECT
				BOARD_NO,
				BOARD_TITLE,
				BOARD_CONTENT,
				REGISTER,
				TO_CHAR(REGIST_DT, 'YYYY-MM-DD') AS REGIST_DT,
				TO_CHAR(REGIST_DT, 'YYYY-MM-DD') AS UPDT_DT
			FROM
				BOARD
			WHERE
				BOARD_NO =#{BOARD_NO}
		]]>
	</select>
	
	<update id="updateBoard" parameterType="hashmap">
		<![CDATA[
			UPDATE BOARD
			SET
				BOARD_TITLE =#{BOARD_TITLE},
				BOARD_CONTENT =#{BOARD_CONTENT},
				UPDT_DT = sysdate
			WHERE
				BOARD_NO =#{BOARD_NO}
		]]>
	</update>
	
	<update id="deleteBoard" parameterType="hashmap">
		<![CDATA[
			DELETE FROM BOARD WHERE BOARD_NO =#{BOARD_NO}
		]]>
	</update>

</mapper>
